epoch,global_step,DS_active_ratio,SD_active_ratio,DS_gate_mean,SD_gate_mean,DS_M0,SD_M0,DS_mass_ratio,SD_mass_ratio,DS_L_RE,SD_L_RE,DS_L_RMD,SD_L_RMD
1,1,1.0,1.0,4.578015327453613,5.146446704864502,5.080983832478523,5.612510189414024,0.9010093808174133,0.9169597029685974,0.5505672693252563,0.6044304370880127,0.49606627225875854,0.5542383790016174
1,2,1.0,1.0,4.48336124420166,4.885967254638672,5.080983832478523,5.612510189414024,0.8823803067207336,0.870549201965332,0.564202606678009,0.646614670753479,0.4978412687778473,0.5629099011421204
1,3,1.0,1.0,4.787837505340576,5.504685401916504,5.080983832478523,5.612510189414024,0.9423049688339233,0.9807882905006409,0.5642871856689453,0.6449130177497864,0.531730592250824,0.6325231194496155
1,4,1.0,1.0,4.755573272705078,5.31195068359375,5.080983832478523,5.612510189414024,0.9359549880027771,0.9464481472969055,0.5343915224075317,0.5773257613182068,0.5001664161682129,0.5464088916778564
1,5,1.0,1.0,4.6851487159729,5.52471399307251,5.080983832478523,5.612510189414024,0.9220945835113525,0.9843568801879883,0.5592877268791199,0.6180071830749512,0.5157161951065063,0.6083396077156067
1,6,0.96875,1.0,4.737208366394043,5.458967208862305,5.080983832478523,5.612510189414024,0.9323405027389526,0.9726425409317017,0.5643094778060913,0.6146796941757202,0.5261285901069641,0.5978636145591736
1,7,1.0,1.0,4.4567975997924805,5.623573303222656,5.080983832478523,5.612510189414024,0.8771522641181946,1.0019710063934326,0.5330499410629272,0.5838357210159302,0.46756595373153687,0.5849864482879639
1,8,1.0,1.0,5.354212284088135,5.434859752655029,5.080983832478523,5.612510189414024,1.0537744760513306,0.9683472514152527,0.5360497832298279,0.5833198428153992,0.564875602722168,0.5648561716079712
1,9,1.0,1.0,5.384679317474365,5.765748023986816,5.080983832478523,5.612510189414024,1.0597707033157349,1.0273027420043945,0.5767108798027039,0.6365119218826294,0.6111813187599182,0.6538904309272766
1,10,1.0,1.0,4.92291259765625,5.3206963539123535,5.080983832478523,5.612510189414024,0.9688894152641296,0.9480063915252686,0.5793008208274841,0.6468208432197571,0.5612784624099731,0.6131902933120728
1,11,1.0,1.0,4.725074291229248,5.329686164855957,5.080983832478523,5.612510189414024,0.9299523830413818,0.9496080875396729,0.5279699563980103,0.593640148639679,0.4909869134426117,0.563725471496582
1,12,1.0,1.0,5.02329158782959,5.837015628814697,5.080983832478523,5.612510189414024,0.9886451959609985,1.0400006771087646,0.5231636762619019,0.5962622165679932,0.5172232389450073,0.6201131343841553
1,13,1.0,1.0,5.2942914962768555,5.5782318115234375,5.080983832478523,5.612510189414024,1.0419813394546509,0.9938923120498657,0.5320916175842285,0.6144081354141235,0.5544295310974121,0.6106555461883545
1,14,1.0,1.0,4.405229091644287,5.274533271789551,5.080983832478523,5.612510189414024,0.8670029640197754,0.9397813081741333,0.5654019117355347,0.6078717112541199,0.49020513892173767,0.5712664723396301
1,15,1.0,1.0,5.061026573181152,5.626670837402344,5.080983832478523,5.612510189414024,0.9960719347000122,1.0025228261947632,0.5600805878639221,0.6349629163742065,0.5578805804252625,0.6365647912025452
1,16,1.0,1.0,4.790970325469971,5.490835189819336,5.080983832478523,5.612510189414024,0.94292151927948,0.9783205986022949,0.5436808466911316,0.623358428478241,0.512648344039917,0.6098443865776062
1,17,1.0,1.0,4.334056854248047,5.157508850097656,5.080983832478523,5.612510189414024,0.8529953956604004,0.91893070936203,0.593976616859436,0.6468324661254883,0.5066593289375305,0.5943942070007324
1,18,0.96875,1.0,4.35947322845459,5.160701751708984,5.080983832478523,5.612510189414024,0.8579976558685303,0.9194995760917664,0.5581242442131042,0.5881053805351257,0.4788692891597748,0.5407626628875732
1,19,1.0,1.0,4.805013656616211,5.432103157043457,5.080983832478523,5.612510189414024,0.9456854462623596,0.9678561091423035,0.5982918739318848,0.6461057662963867,0.5657958984375,0.6253374218940735
1,20,1.0,1.0,5.089744567871094,5.396368503570557,5.080983832478523,5.612510189414024,1.0017240047454834,0.9614891409873962,0.53159099817276,0.6224005818367004,0.5325074791908264,0.598431408405304
1,21,1.0,1.0,4.8110480308532715,5.7539472579956055,5.080983832478523,5.612510189414024,0.9468730688095093,1.0252001285552979,0.5642988681793213,0.6052533984184265,0.5343194007873535,0.6205058693885803
1,22,1.0,1.0,4.515958309173584,5.1685471534729,5.080983832478523,5.612510189414024,0.888795793056488,0.9208974242210388,0.5967559814453125,0.7000374794006348,0.5303941965103149,0.6446627378463745
1,23,1.0,1.0,4.983606338500977,5.395063400268555,5.080983832478523,5.612510189414024,0.9808346629142761,0.9612565636634827,0.584972620010376,0.6298103928565979,0.5737614035606384,0.6054093837738037
1,24,1.0,1.0,5.539752960205078,5.964568614959717,5.080983832478523,5.612510189414024,1.090291142463684,1.0627272129058838,0.5815448760986328,0.6288151741027832,0.6340532302856445,0.6682590246200562
1,25,0.96875,1.0,5.380155563354492,6.06919527053833,5.080983832478523,5.612510189414024,1.0588804483413696,1.0813689231872559,0.6485334038734436,0.6764010787010193,0.6867193579673767,0.7314391136169434
1,26,1.0,1.0,5.758995532989502,6.637068748474121,5.080983832478523,5.612510189414024,1.1334407329559326,1.1825488805770874,0.5372673273086548,0.6176584362983704,0.6089606881141663,0.7304112911224365
1,27,1.0,1.0,5.177552223205566,5.7210869789123535,5.080983832478523,5.612510189414024,1.019005537033081,1.0193452835083008,0.5683536529541016,0.613230288028717,0.5791555047035217,0.625093400478363
1,28,1.0,1.0,5.438117027282715,6.2089762687683105,5.080983832478523,5.612510189414024,1.0702879428863525,1.106274127960205,0.5860532522201538,0.6387895941734314,0.6272457242012024,0.7066764235496521
1,29,1.0,1.0,5.315323829650879,5.874143600463867,5.080983832478523,5.612510189414024,1.0461207628250122,1.0466159582138062,0.5703083872795105,0.6600207090377808,0.5966114401817322,0.690788209438324
1,30,1.0,1.0,5.270333290100098,5.675653457641602,5.080983832478523,5.612510189414024,1.0372660160064697,1.0112502574920654,0.5459117889404297,0.6272135972976685,0.5662557482719421,0.6342698931694031
1,31,1.0,1.0,5.186519145965576,5.601171016693115,5.080983832478523,5.612510189414024,1.0207704305648804,0.997979462146759,0.5318775177001953,0.6157521605491638,0.5429248213768005,0.6145080327987671
1,32,1.0,1.0,4.281462669372559,4.840565204620361,5.080983832478523,5.612510189414024,0.842644214630127,0.8624597787857056,0.6060550212860107,0.6632540822029114,0.5106887817382812,0.5720299482345581
2,1183,0.8125,0.8125,1.1427955627441406,1.1754400730133057,5.080983832478523,5.612510189414024,0.22491614520549774,0.20943211019039154,0.23658248782157898,0.27346864342689514,0.05321121960878372,0.05727311596274376
3,2365,0.71875,0.65625,0.5943711996078491,0.6375641226768494,5.080983832478523,5.612510189414024,0.11697951704263687,0.11359694600105286,0.22579650580883026,0.2743653655052185,0.0264135655015707,0.03116706758737564
4,3547,0.5,0.53125,0.3637028932571411,0.47696012258529663,5.080983832478523,5.612510189414024,0.07158117741346359,0.08498159050941467,0.20891688764095306,0.24277609586715698,0.014954516664147377,0.020631499588489532
5,4729,0.53125,0.375,0.40171048045158386,0.3270130157470703,5.080983832478523,5.612510189414024,0.07906153798103333,0.05826500803232193,0.2055252194404602,0.2572655975818634,0.016249140724539757,0.014989581890404224
6,5911,0.5625,0.4375,0.40735119581222534,0.24678704142570496,5.080983832478523,5.612510189414024,0.08017169684171677,0.043970875442028046,0.19312548637390137,0.24759633839130402,0.015483197756111622,0.010887027718126774
7,7093,0.375,0.3125,0.27515965700149536,0.21371176838874817,5.080983832478523,5.612510189414024,0.054154783487319946,0.03807774558663368,0.1968255639076233,0.2146637737751007,0.010659045539796352,0.008173912763595581
8,8275,0.375,0.46875,0.29263824224472046,0.24034325778484344,5.080983832478523,5.612510189414024,0.05759478360414505,0.04282276704907417,0.19627410173416138,0.26320549845695496,0.011304364539682865,0.011271188035607338
9,9457,0.4375,0.40625,0.3173980414867401,0.34752118587493896,5.080983832478523,5.612510189414024,0.06246781721711159,0.061919018626213074,0.16918981075286865,0.20451562106609344,0.010568917728960514,0.012663406319916248
10,10639,0.34375,0.3125,0.15462057292461395,0.1422387957572937,5.080983832478523,5.612510189414024,0.030431218445301056,0.025343164801597595,0.19964440166950226,0.18515364825725555,0.006075422279536724,0.004692379385232925
