config,source_experiment,source_file,source_sha256,reconstructed_fields,unknown_fields
adaptive_bridge_v1.json,src/checkpoint/middle_teacher/IT-AB-A-ADAPTIVE-PRIOR-S0,src/checkpoint/middle_teacher/IT-AB-A-ADAPTIVE-PRIOR-S0/resolved_config.json,fb056990dec2dc34fefee3d1dd598c12012e8e4b869ef7ccd0dd1fb615806317,student_dim->middle_dim;student_target_layer->middle_target_layer;historical duplicate flags removed,
adaptive_bridge_v2.json,src/checkpoint/middle_teacher/IT-AB-V2-D-B28-B36-FULL-CLS-PATCH-ADAPTIVE-S0,src/checkpoint/middle_teacher/IT-AB-V2-D-B28-B36-FULL-CLS-PATCH-ADAPTIVE-S0/resolved_config.json,2a740af0e4b0385a01f63a22b159be34b0906b309e163effd47ec6f7d52a3580,student_dim->middle_dim;student_target_layer->middle_target_layer;historical duplicate flags removed,
lcrd.json,src/checkpoint/middle_teacher/TRANSFER_RESET_LCRD_SAM_L020,src/checkpoint/middle_teacher/TRANSFER_RESET_LCRD_SAM_L020/TR-LCRD-SAM-L020-BUDGET010-S0/resolved_config.json,2a4f8f4976bf17e64d75d1bdc7f2b2ff368381dc0b6dc463f0d25c3710a86928,student_dim->middle_dim;student_target_layer->middle_target_layer;historical duplicate flags removed,
margin.json,src/checkpoint/middle_teacher/IT-R3-F-MARGIN-S0,src/checkpoint/middle_teacher/IT-R3-F-MARGIN-S0/resolved_config.json,c4f16249109f5f816d9ea621d0c9138c8f5c48946d03e70417723c67a29984bb,student_dim->middle_dim;student_target_layer->middle_target_layer;historical duplicate flags removed,
nrkd.json,src/checkpoint/middle_teacher/IT-R1-F-NRKD-S0,src/checkpoint/middle_teacher/IT-R1-F-NRKD-S0/resolved_config.json,00ebd2077467d7937bbc44a7346ebbb4294a53cdfcb2858df64292742e585226,student_dim->middle_dim;student_target_layer->middle_target_layer;historical duplicate flags removed,
nrkd_margin.json,src/checkpoint/middle_teacher/IT-R4-F-MARGIN-NRKD-COMPOSER-S0,src/checkpoint/middle_teacher/IT-R4-F-MARGIN-NRKD-COMPOSER-S0/resolved_config.json,1663eba1c390dfcbd40c3d7b7972d3ca22a3cfd4681d66c039c86a480826f561,student_dim->middle_dim;student_target_layer->middle_target_layer;historical duplicate flags removed,
r0_full.json,src/checkpoint/middle_teacher/IT-R0-F-S0,src/checkpoint/middle_teacher/IT-R0-F-S0/resolved_config.json,32f6b16f791a3426383f4d9e6da028932cc747c194c7a26032992f5d8f3d5791,student_dim->middle_dim;student_target_layer->middle_target_layer;historical duplicate flags removed,
r0_partial.json,src/checkpoint/middle_teacher/IT-R0-P-S0,src/checkpoint/middle_teacher/IT-R0-P-S0/resolved_config.json,6fc00906b2bdcf521c1cb228bcdbce99d55c64045f16dee0e857f75a1da4d87f,student_dim->middle_dim;student_target_layer->middle_target_layer;historical duplicate flags removed,
rdd_l005.json,src/checkpoint/middle_teacher/ABV2_RDD_L005,src/checkpoint/middle_teacher/ABV2_RDD_L005/resolved_config.json,2a5a23d29a36b685ee5543cc757a51c27490a2ebf48ac40e43601953fcb4718a,student_dim->middle_dim;student_target_layer->middle_target_layer;historical duplicate flags removed,
rdd_l010.json,src/checkpoint/middle_teacher/ABV2_RDD_L010,src/checkpoint/middle_teacher/ABV2_RDD_L010/resolved_config.json,8bc8512f067c6fadde25343d387ce554f07f60ddf3f1505009a3cb5f088e702f,student_dim->middle_dim;student_target_layer->middle_target_layer;historical duplicate flags removed,
rdd_l020.json,src/checkpoint/middle_teacher/ABV2_RDD_L020,src/checkpoint/middle_teacher/ABV2_RDD_L020/resolved_config.json,a505ba08fcf58e55f8d2a859f6152b0f82579a73bb19d0e3ea0ce85fb99bc83c,student_dim->middle_dim;student_target_layer->middle_target_layer;historical duplicate flags removed,
rdd_l050.json,src/checkpoint/middle_teacher/ABV2_RDD_L050,src/checkpoint/middle_teacher/ABV2_RDD_L050/resolved_config.json,ac5c9a4f1d1d7489647457192218fec17dcaf349d80574c64024a1abb61d8b62,student_dim->middle_dim;student_target_layer->middle_target_layer;historical duplicate flags removed,
re_gated_lcrd.json,src/checkpoint/middle_teacher/TRANSFER_RESET_REGLCRD_SAM_L020,src/checkpoint/middle_teacher/TRANSFER_RESET_REGLCRD_SAM_L020/TR-REGLCRD-SAM-L020-BUDGET010-S0/resolved_config.json,0d84e4b2af87bc795c78ab6073d3ee3a2f1bab44a5a72c0dea02cc031e6c1903,student_dim->middle_dim;student_target_layer->middle_target_layer;historical duplicate flags removed,
rmd.json,src/checkpoint/middle_teacher/TRANSFER_RESET_RMD_REGLCRD_SAM_L020,src/checkpoint/middle_teacher/TRANSFER_RESET_RMD_REGLCRD_SAM_L020/TR-RMD-REGLCRD-SAM-L020-BUDGET010-S0/resolved_config.json,97c1c044aea80d47ae1f15659e33cd0697bfbc2339b8241d4f86eedeb2ea43f7,student_dim->middle_dim;student_target_layer->middle_target_layer;historical duplicate flags removed,
sam_l020.json,src/checkpoint/middle_teacher/TRANSFER_RESET_SAM_L020,src/checkpoint/middle_teacher/TRANSFER_RESET_SAM_L020/TR-SAM-L020-RHO005-S0/resolved_config.json,e50daa6c5f205d1866a2aa8702d60839f6cdc6749133c494a15b4b79b9e552f3,student_dim->middle_dim;student_target_layer->middle_target_layer;historical duplicate flags removed,
srmd_s0.json,src/checkpoint/middle_teacher/TRANSFER_RESET_SRMD_REGLCRD_SAM_L020/TR-SRMD-REGLCRD-SAM-L020-BUDGET010-S0,src/checkpoint/middle_teacher/TRANSFER_RESET_SRMD_REGLCRD_SAM_L020/TR-SRMD-REGLCRD-SAM-L020-BUDGET010-S0/resolved_config.json,2a4b170adbef2e44cecc33f0d16d8346ebbda02e23304c6df54975eeaac9d50a,student_dim->middle_dim;student_target_layer->middle_target_layer;historical duplicate flags removed,
srmd_s1.json,src/checkpoint/middle_teacher/TRANSFER_RESET_SRMD_REGLCRD_SAM_L020/TR-SRMD-REGLCRD-SAM-L020-BUDGET010-S1,src/checkpoint/middle_teacher/TRANSFER_RESET_SRMD_REGLCRD_SAM_L020/TR-SRMD-REGLCRD-SAM-L020-BUDGET010-S1/resolved_config.json,3737dab26d93b33225121ca7f980705a8b85112bf58a57cbe9a5a14227a614a7,student_dim->middle_dim;student_target_layer->middle_target_layer;historical duplicate flags removed,
